-- 插入系统用户
INSERT INTO editor_user (id, username, uuid, nickname, sys_role, password, phone, email) VALUES (1, 'admin1', UUID(), '系统管理员1', 'admin', '$2a$10$GbkN3wOvp0xP0Bz2qptJYuXPWdo3UQyvSdVd.eeqw0rZo5a8.hTgG', '12345678901','admin1@example.com');
INSERT INTO editor_user (id, username, uuid, nickname, sys_role, password, phone, email) VALUES (2, 'admin2', UUID(), '系统管理员2', 'admin', '$2a$10$GbkN3wOvp0xP0Bz2qptJYuXPWdo3UQyvSdVd.eeqw0rZo5a8.hTgG', '12345678902');
INSERT INTO editor_user (id, username, uuid, nickname, sys_role, password, phone, email) VALUES (3, 'admin3', UUID(), '系统管理员3', 'admin', '$2a$10$GbkN3wOvp0xP0Bz2qptJYuXPWdo3UQyvSdVd.eeqw0rZo5a8.hTgG', '12345678903');
INSERT INTO editor_user (id, username, uuid, nickname, sys_role, password, phone, email) VALUES (4, 'admin4', UUID(), '系统管理员4', 'admin', '$2a$10$GbkN3wOvp0xP0Bz2qptJYuXPWdo3UQyvSdVd.eeqw0rZo5a8.hTgG', '12345678904');
INSERT INTO editor_user (id, username, uuid, nickname, sys_role, password, phone, email) VALUES (5, 'admin5', UUID(), '系统管理员5', 'admin', '$2a$10$GbkN3wOvp0xP0Bz2qptJYuXPWdo3UQyvSdVd.eeqw0rZo5a8.hTgG', '12345678905');
INSERT INTO editor_user (id, username, uuid, nickname, sys_role, password, phone, email) VALUES (6, 'admin6', UUID(), '系统管理员6', 'admin', '$2a$10$GbkN3wOvp0xP0Bz2qptJYuXPWdo3UQyvSdVd.eeqw0rZo5a8.hTgG', '12345678906');
INSERT INTO editor_user (id, username, uuid, nickname, sys_role, password, phone, email) VALUES (7, 'admin7', UUID(), '系统管理员7', 'admin', '$2a$10$GbkN3wOvp0xP0Bz2qptJYuXPWdo3UQyvSdVd.eeqw0rZo5a8.hTgG', '12345678907');
INSERT INTO editor_user (id, username, uuid, nickname, sys_role, password, phone, email) VALUES (8, 'admin8', UUID(), '系统管理员8', 'admin', '$2a$10$GbkN3wOvp0xP0Bz2qptJYuXPWdo3UQyvSdVd.eeqw0rZo5a8.hTgG', '12345678908');
INSERT INTO editor_user (id, username, uuid, nickname, sys_role, password, phone, email) VALUES (9, 'admin9', UUID(), '系统管理员9', 'admin', '$2a$10$GbkN3wOvp0xP0Bz2qptJYuXPWdo3UQyvSdVd.eeqw0rZo5a8.hTgG', '12345678909');
INSERT INTO editor_user (id, username, uuid, nickname, sys_role, password, phone, email) VALUES (10, 'admin10', UUID(), '系统管理员10', 'admin', '$2a$10$GbkN3wOvp0xP0Bz2qptJYuXPWdo3UQyvSdVd.eeqw0rZo5a8.hTgG', '12345678910');
INSERT INTO editor_user (id, username, uuid, nickname, sys_role, password, phone, email) VALUES (11, 'user11', UUID(), '普通用户11', 'user', '$2a$10$GbkN3wOvp0xP0Bz2qptJYuXPWdo3UQyvSdVd.eeqw0rZo5a8.hTgG', '12345678911');
INSERT INTO editor_user (id, username, uuid, nickname, sys_role, password, phone, email) VALUES (12, 'user12', UUID(), '普通用户12', 'user', '$2a$10$GbkN3wOvp0xP0Bz2qptJYuXPWdo3UQyvSdVd.eeqw0rZo5a8.hTgG', '12345678912');
INSERT INTO editor_user (id, username, uuid, nickname, sys_role, password, phone, email) VALUES (13, 'user13', UUID(), '普通用户13', 'user', '$2a$10$GbkN3wOvp0xP0Bz2qptJYuXPWdo3UQyvSdVd.eeqw0rZo5a8.hTgG', '12345678913');
INSERT INTO editor_user (id, username, uuid, nickname, sys_role, password, phone, email) VALUES (14, 'user14', UUID(), '普通用户14', 'user', '$2a$10$GbkN3wOvp0xP0Bz2qptJYuXPWdo3UQyvSdVd.eeqw0rZo5a8.hTgG', '12345678914');
INSERT INTO editor_user (id, username, uuid, nickname, sys_role, password, phone, email) VALUES (15, 'user15', UUID(), '普通用户15', 'user', '$2a$10$GbkN3wOvp0xP0Bz2qptJYuXPWdo3UQyvSdVd.eeqw0rZo5a8.hTgG', '12345678915');
INSERT INTO editor_user (id, username, uuid, nickname, sys_role, password, phone, email) VALUES (16, 'user16', UUID(), '普通用户16', 'user', '$2a$10$GbkN3wOvp0xP0Bz2qptJYuXPWdo3UQyvSdVd.eeqw0rZo5a8.hTgG', '12345678916');
INSERT INTO editor_user (id, username, uuid, nickname, sys_role, password, phone, email) VALUES (17, 'user17', UUID(), '普通用户17', 'user', '$2a$10$GbkN3wOvp0xP0Bz2qptJYuXPWdo3UQyvSdVd.eeqw0rZo5a8.hTgG', '12345678917');
INSERT INTO editor_user (id, username, uuid, nickname, sys_role, password, phone, email) VALUES (18, 'user18', UUID(), '普通用户18', 'user', '$2a$10$GbkN3wOvp0xP0Bz2qptJYuXPWdo3UQyvSdVd.eeqw0rZo5a8.hTgG', '12345678918');
INSERT INTO editor_user (id, username, uuid, nickname, sys_role, password, phone, email) VALUES (19, 'user19', UUID(), '普通用户19', 'user', '$2a$10$GbkN3wOvp0xP0Bz2qptJYuXPWdo3UQyvSdVd.eeqw0rZo5a8.hTgG', '12345678919');
INSERT INTO editor_user (id, username, uuid, nickname, sys_role, password, phone, email) VALUES (20, 'user20', UUID(), '普通用户20', 'user', '$2a$10$GbkN3wOvp0xP0Bz2qptJYuXPWdo3UQyvSdVd.eeqw0rZo5a8.hTgG', '12345678920');
INSERT INTO editor_user (id, username, uuid, nickname, sys_role, password, phone, email) VALUES (21, 'user21', UUID(), '普通用户21', 'user', '$2a$10$GbkN3wOvp0xP0Bz2qptJYuXPWdo3UQyvSdVd.eeqw0rZo5a8.hTgG', '12345678921');
INSERT INTO editor_user (id, username, uuid, nickname, sys_role, password, phone, email) VALUES (22, 'user22', UUID(), '普通用户22', 'user', '$2a$10$GbkN3wOvp0xP0Bz2qptJYuXPWdo3UQyvSdVd.eeqw0rZo5a8.hTgG', '12345678922');
INSERT INTO editor_user (id, username, uuid, nickname, sys_role, password, phone, email) VALUES (23, 'user23', UUID(), '普通用户23', 'user', '$2a$10$GbkN3wOvp0xP0Bz2qptJYuXPWdo3UQyvSdVd.eeqw0rZo5a8.hTgG', '12345678923');
INSERT INTO editor_user (id, username, uuid, nickname, sys_role, password, phone, email) VALUES (24, 'user24', UUID(), '普通用户24', 'user', '$2a$10$GbkN3wOvp0xP0Bz2qptJYuXPWdo3UQyvSdVd.eeqw0rZo5a8.hTgG', '12345678924');
INSERT INTO editor_user (id, username, uuid, nickname, sys_role, password, phone, email) VALUES (25, 'user25', UUID(), '普通用户25', 'user', '$2a$10$GbkN3wOvp0xP0Bz2qptJYuXPWdo3UQyvSdVd.eeqw0rZo5a8.hTgG', '12345678925');
INSERT INTO editor_user (id, username, uuid, nickname, sys_role, password, phone, email) VALUES (26, 'user26', UUID(), '普通用户26', 'user', '$2a$10$GbkN3wOvp0xP0Bz2qptJYuXPWdo3UQyvSdVd.eeqw0rZo5a8.hTgG', '12345678926');
INSERT INTO editor_user (id, username, uuid, nickname, sys_role, password, phone, email) VALUES (27, 'user27', UUID(), '普通用户27', 'user', '$2a$10$GbkN3wOvp0xP0Bz2qptJYuXPWdo3UQyvSdVd.eeqw0rZo5a8.hTgG', '12345678927');
INSERT INTO editor_user (id, username, uuid, nickname, sys_role, password, phone, email) VALUES (28, 'user28', UUID(), '普通用户28', 'user', '$2a$10$GbkN3wOvp0xP0Bz2qptJYuXPWdo3UQyvSdVd.eeqw0rZo5a8.hTgG', '12345678928');
INSERT INTO editor_user (id, username, uuid, nickname, sys_role, password, phone, email) VALUES (29, 'user29', UUID(), '普通用户29', 'user', '$2a$10$GbkN3wOvp0xP0Bz2qptJYuXPWdo3UQyvSdVd.eeqw0rZo5a8.hTgG', '12345678929');
INSERT INTO editor_user (id, username, uuid, nickname, sys_role, password, phone, email) VALUES (30, 'user30', UUID(), '普通用户30', 'user', '$2a$10$GbkN3wOvp0xP0Bz2qptJYuXPWdo3UQyvSdVd.eeqw0rZo5a8.hTgG', '12345678930');
INSERT INTO editor_user (id, username, uuid, nickname, sys_role, password, phone, email) VALUES (31, 'user31', UUID(), '普通用户31', 'user', '$2a$10$GbkN3wOvp0xP0Bz2qptJYuXPWdo3UQyvSdVd.eeqw0rZo5a8.hTgG', '12345678931');
INSERT INTO editor_user (id, username, uuid, nickname, sys_role, password, phone, email) VALUES (32, 'user32', UUID(), '普通用户32', 'user', '$2a$10$GbkN3wOvp0xP0Bz2qptJYuXPWdo3UQyvSdVd.eeqw0rZo5a8.hTgG', '12345678932');
INSERT INTO editor_user (id, username, uuid, nickname, sys_role, password, phone, email) VALUES (33, 'user33', UUID(), '普通用户33', 'user', '$2a$10$GbkN3wOvp0xP0Bz2qptJYuXPWdo3UQyvSdVd.eeqw0rZo5a8.hTgG', '12345678933');
INSERT INTO editor_user (id, username, uuid, nickname, sys_role, password, phone, email) VALUES (34, 'user34', UUID(), '普通用户34', 'user', '$2a$10$GbkN3wOvp0xP0Bz2qptJYuXPWdo3UQyvSdVd.eeqw0rZo5a8.hTgG', '12345678934');
INSERT INTO editor_user (id, username, uuid, nickname, sys_role, password, phone, email) VALUES (35, 'user35', UUID(), '普通用户35', 'user', '$2a$10$GbkN3wOvp0xP0Bz2qptJYuXPWdo3UQyvSdVd.eeqw0rZo5a8.hTgG', '12345678935');
INSERT INTO editor_user (id, username, uuid, nickname, sys_role, password, phone, email) VALUES (36, 'user36', UUID(), '普通用户36', 'user', '$2a$10$GbkN3wOvp0xP0Bz2qptJYuXPWdo3UQyvSdVd.eeqw0rZo5a8.hTgG', '12345678936');
INSERT INTO editor_user (id, username, uuid, nickname, sys_role, password, phone, email) VALUES (37, 'user37', UUID(), '普通用户37', 'user', '$2a$10$GbkN3wOvp0xP0Bz2qptJYuXPWdo3UQyvSdVd.eeqw0rZo5a8.hTgG', '12345678937');
INSERT INTO editor_user (id, username, uuid, nickname, sys_role, password, phone, email) VALUES (38, 'user38', UUID(), '普通用户38', 'user', '$2a$10$GbkN3wOvp0xP0Bz2qptJYuXPWdo3UQyvSdVd.eeqw0rZo5a8.hTgG', '12345678938');
INSERT INTO editor_user (id, username, uuid, nickname, sys_role, password, phone, email) VALUES (39, 'user39', UUID(), '普通用户39', 'user', '$2a$10$GbkN3wOvp0xP0Bz2qptJYuXPWdo3UQyvSdVd.eeqw0rZo5a8.hTgG', '12345678939');
INSERT INTO editor_user (id, username, uuid, nickname, sys_role, password, phone, email) VALUES (40, 'user40', UUID(), '普通用户40', 'user', '$2a$10$GbkN3wOvp0xP0Bz2qptJYuXPWdo3UQyvSdVd.eeqw0rZo5a8.hTgG', '12345678940');
INSERT INTO editor_user (id, username, uuid, nickname, sys_role, password, phone, email) VALUES (41, 'user41', UUID(), '普通用户41', 'user', '$2a$10$GbkN3wOvp0xP0Bz2qptJYuXPWdo3UQyvSdVd.eeqw0rZo5a8.hTgG', '12345678941');
INSERT INTO editor_user (id, username, uuid, nickname, sys_role, password, phone, email) VALUES (42, 'user42', UUID(), '普通用户42', 'user', '$2a$10$GbkN3wOvp0xP0Bz2qptJYuXPWdo3UQyvSdVd.eeqw0rZo5a8.hTgG', '12345678942');
INSERT INTO editor_user (id, username, uuid, nickname, sys_role, password, phone, email) VALUES (43, 'user43', UUID(), '普通用户43', 'user', '$2a$10$GbkN3wOvp0xP0Bz2qptJYuXPWdo3UQyvSdVd.eeqw0rZo5a8.hTgG', '12345678943');
INSERT INTO editor_user (id, username, uuid, nickname, sys_role, password, phone, email) VALUES (44, 'user44', UUID(), '普通用户44', 'user', '$2a$10$GbkN3wOvp0xP0Bz2qptJYuXPWdo3UQyvSdVd.eeqw0rZo5a8.hTgG', '12345678944');
INSERT INTO editor_user (id, username, uuid, nickname, sys_role, password, phone, email) VALUES (45, 'user45', UUID(), '普通用户45', 'user', '$2a$10$GbkN3wOvp0xP0Bz2qptJYuXPWdo3UQyvSdVd.eeqw0rZo5a8.hTgG', '12345678945');
INSERT INTO editor_user (id, username, uuid, nickname, sys_role, password, phone, email) VALUES (46, 'user46', UUID(), '普通用户46', 'user', '$2a$10$GbkN3wOvp0xP0Bz2qptJYuXPWdo3UQyvSdVd.eeqw0rZo5a8.hTgG', '12345678946');
INSERT INTO editor_user (id, username, uuid, nickname, sys_role, password, phone, email) VALUES (47, 'user47', UUID(), '普通用户47', 'user', '$2a$10$GbkN3wOvp0xP0Bz2qptJYuXPWdo3UQyvSdVd.eeqw0rZo5a8.hTgG', '12345678947');
INSERT INTO editor_user (id, username, uuid, nickname, sys_role, password, phone, email) VALUES (48, 'user48', UUID(), '普通用户48', 'user', '$2a$10$GbkN3wOvp0xP0Bz2qptJYuXPWdo3UQyvSdVd.eeqw0rZo5a8.hTgG', '12345678948');
INSERT INTO editor_user (id, username, uuid, nickname, sys_role, password, phone, email) VALUES (49, 'user49', UUID(), '普通用户49', 'user', '$2a$10$GbkN3wOvp0xP0Bz2qptJYuXPWdo3UQyvSdVd.eeqw0rZo5a8.hTgG', '12345678949');
INSERT INTO editor_user (id, username, uuid, nickname, sys_role, password, phone, email) VALUES (50, 'user50', UUID(), '普通用户50', 'user', '$2a$10$GbkN3wOvp0xP0Bz2qptJYuXPWdo3UQyvSdVd.eeqw0rZo5a8.hTgG', '12345678950');

INSERT INTO editor_team (id, owner, team_name, uuid, description) VALUES (1, 11, '团队1', UUID(), '测试团队1');
INSERT INTO editor_team (id, owner, team_name, uuid, description) VALUES (2, 31, '团队2', UUID(), '测试团队2');
INSERT INTO editor_team (id, owner, team_name, uuid, description) VALUES (3, 11, '团队3', UUID(), '测试团队3');
INSERT INTO editor_team (id, owner, team_name, uuid, description) VALUES (4, 11, '团队4', UUID(), '测试团队4');
INSERT INTO editor_team (id, owner, team_name, uuid, description) VALUES (5, 11, '团队5', UUID(), '测试团队5');
INSERT INTO editor_team (id, owner, team_name, uuid, description) VALUES (6, 11, '团队6', UUID(), '测试团队6');
INSERT INTO editor_team (id, owner, team_name, uuid, description) VALUES (7, 11, '团队7', UUID(), '测试团队7');
INSERT INTO editor_team (id, owner, team_name, uuid, description) VALUES (8, 11, '团队8', UUID(), '测试团队8');
INSERT INTO editor_team (id, owner, team_name, uuid, description) VALUES (9, 11, '团队9', UUID(), '测试团队9');
INSERT INTO editor_team (id, owner, team_name, uuid, description) VALUES (10, 11, '团队10', UUID(), '测试团队10');
-- 插入团队成员
INSERT INTO editor_team_member (team_id, user_id, team_role) VALUES (1, 11, 'owner');
INSERT INTO editor_team_member (team_id, user_id, team_role) VALUES (1, 12, 'admin');
INSERT INTO editor_team_member (team_id, user_id, team_role) VALUES (1, 13, 'admin');
INSERT INTO editor_team_member (team_id, user_id, team_role) VALUES (1, 14, 'admin');
INSERT INTO editor_team_member (team_id, user_id, team_role) VALUES (1, 15, 'admin');
INSERT INTO editor_team_member (team_id, user_id, team_role) VALUES (1, 16, 'admin');
INSERT INTO editor_team_member (team_id, user_id, team_role) VALUES (1, 17, 'admin');
INSERT INTO editor_team_member (team_id, user_id, team_role) VALUES (1, 18, 'admin');
INSERT INTO editor_team_member (team_id, user_id, team_role) VALUES (1, 19, 'admin');
INSERT INTO editor_team_member (team_id, user_id, team_role) VALUES (1, 20, 'admin');
INSERT INTO editor_team_member (team_id, user_id, team_role) VALUES (1, 21, 'member');
INSERT INTO editor_team_member (team_id, user_id, team_role) VALUES (1, 22, 'member');
INSERT INTO editor_team_member (team_id, user_id, team_role) VALUES (1, 23, 'member');
INSERT INTO editor_team_member (team_id, user_id, team_role) VALUES (1, 24, 'member');
INSERT INTO editor_team_member (team_id, user_id, team_role) VALUES (1, 25, 'member');
INSERT INTO editor_team_member (team_id, user_id, team_role) VALUES (1, 26, 'member');
INSERT INTO editor_team_member (team_id, user_id, team_role) VALUES (1, 27, 'member');
INSERT INTO editor_team_member (team_id, user_id, team_role) VALUES (1, 28, 'member');
INSERT INTO editor_team_member (team_id, user_id, team_role) VALUES (1, 29, 'member');
INSERT INTO editor_team_member (team_id, user_id, team_role) VALUES (1, 30, 'member');
INSERT INTO editor_team_member (team_id, user_id, team_role) VALUES (2, 31, 'owner');
INSERT INTO editor_team_member (team_id, user_id, team_role) VALUES (2, 32, 'admin');
INSERT INTO editor_team_member (team_id, user_id, team_role) VALUES (2, 33, 'admin');
INSERT INTO editor_team_member (team_id, user_id, team_role) VALUES (2, 34, 'admin');
INSERT INTO editor_team_member (team_id, user_id, team_role) VALUES (2, 35, 'admin');
INSERT INTO editor_team_member (team_id, user_id, team_role) VALUES (2, 36, 'admin');
INSERT INTO editor_team_member (team_id, user_id, team_role) VALUES (2, 37, 'admin');
INSERT INTO editor_team_member (team_id, user_id, team_role) VALUES (2, 38, 'admin');
INSERT INTO editor_team_member (team_id, user_id, team_role) VALUES (2, 39, 'admin');
INSERT INTO editor_team_member (team_id, user_id, team_role) VALUES (2, 40, 'admin');
INSERT INTO editor_team_member (team_id, user_id, team_role) VALUES (2, 41, 'member');
INSERT INTO editor_team_member (team_id, user_id, team_role) VALUES (2, 42, 'member');
INSERT INTO editor_team_member (team_id, user_id, team_role) VALUES (2, 43, 'member');
INSERT INTO editor_team_member (team_id, user_id, team_role) VALUES (2, 44, 'member');
INSERT INTO editor_team_member (team_id, user_id, team_role) VALUES (2, 45, 'member');
INSERT INTO editor_team_member (team_id, user_id, team_role) VALUES (2, 46, 'member');
INSERT INTO editor_team_member (team_id, user_id, team_role) VALUES (2, 47, 'member');
INSERT INTO editor_team_member (team_id, user_id, team_role) VALUES (2, 48, 'member');
INSERT INTO editor_team_member (team_id, user_id, team_role) VALUES (2, 49, 'member');
INSERT INTO editor_team_member (team_id, user_id, team_role) VALUES (2, 50, 'member');
INSERT INTO editor_team_member (team_id, user_id, team_role) VALUES (3, 11, 'owner');
INSERT INTO editor_team_member (team_id, user_id, team_role) VALUES (3, 12, 'admin');
INSERT INTO editor_team_member (team_id, user_id, team_role) VALUES (3, 13, 'admin');
INSERT INTO editor_team_member (team_id, user_id, team_role) VALUES (3, 14, 'admin');
INSERT INTO editor_team_member (team_id, user_id, team_role) VALUES (3, 15, 'admin');
INSERT INTO editor_team_member (team_id, user_id, team_role) VALUES (3, 16, 'member');
INSERT INTO editor_team_member (team_id, user_id, team_role) VALUES (3, 17, 'member');
INSERT INTO editor_team_member (team_id, user_id, team_role) VALUES (3, 18, 'member');
INSERT INTO editor_team_member (team_id, user_id, team_role) VALUES (3, 19, 'member');
INSERT INTO editor_team_member (team_id, user_id, team_role) VALUES (3, 20, 'member');
INSERT INTO editor_team_member (team_id, user_id, team_role) VALUES (3, 21, 'member');
INSERT INTO editor_team_member (team_id, user_id, team_role) VALUES (3, 22, 'member');
INSERT INTO editor_team_member (team_id, user_id, team_role) VALUES (3, 23, 'member');
INSERT INTO editor_team_member (team_id, user_id, team_role) VALUES (3, 24, 'member');
INSERT INTO editor_team_member (team_id, user_id, team_role) VALUES (3, 25, 'member');
INSERT INTO editor_team_member (team_id, user_id, team_role) VALUES (3, 26, 'member');
INSERT INTO editor_team_member (team_id, user_id, team_role) VALUES (3, 27, 'member');
INSERT INTO editor_team_member (team_id, user_id, team_role) VALUES (3, 28, 'member');
INSERT INTO editor_team_member (team_id, user_id, team_role) VALUES (3, 29, 'member');
INSERT INTO editor_team_member (team_id, user_id, team_role) VALUES (3, 30, 'member');
INSERT INTO editor_team_member (team_id, user_id, team_role) VALUES (4, 11, 'owner');
INSERT INTO editor_team_member (team_id, user_id, team_role) VALUES (4, 12, 'admin');
INSERT INTO editor_team_member (team_id, user_id, team_role) VALUES (4, 13, 'admin');
INSERT INTO editor_team_member (team_id, user_id, team_role) VALUES (4, 14, 'admin');
INSERT INTO editor_team_member (team_id, user_id, team_role) VALUES (4, 15, 'admin');
INSERT INTO editor_team_member (team_id, user_id, team_role) VALUES (4, 16, 'member');
INSERT INTO editor_team_member (team_id, user_id, team_role) VALUES (4, 17, 'member');
INSERT INTO editor_team_member (team_id, user_id, team_role) VALUES (4, 18, 'member');
INSERT INTO editor_team_member (team_id, user_id, team_role) VALUES (4, 19, 'member');
INSERT INTO editor_team_member (team_id, user_id, team_role) VALUES (4, 20, 'member');
INSERT INTO editor_team_member (team_id, user_id, team_role) VALUES (4, 21, 'member');
INSERT INTO editor_team_member (team_id, user_id, team_role) VALUES (4, 22, 'member');
INSERT INTO editor_team_member (team_id, user_id, team_role) VALUES (4, 23, 'member');
INSERT INTO editor_team_member (team_id, user_id, team_role) VALUES (4, 24, 'member');
INSERT INTO editor_team_member (team_id, user_id, team_role) VALUES (4, 25, 'member');
INSERT INTO editor_team_member (team_id, user_id, team_role) VALUES (4, 26, 'member');
INSERT INTO editor_team_member (team_id, user_id, team_role) VALUES (4, 27, 'member');
INSERT INTO editor_team_member (team_id, user_id, team_role) VALUES (4, 28, 'member');
INSERT INTO editor_team_member (team_id, user_id, team_role) VALUES (4, 29, 'member');
INSERT INTO editor_team_member (team_id, user_id, team_role) VALUES (4, 30, 'member');
INSERT INTO editor_team_member (team_id, user_id, team_role) VALUES (5, 11, 'owner');
INSERT INTO editor_team_member (team_id, user_id, team_role) VALUES (5, 12, 'admin');
INSERT INTO editor_team_member (team_id, user_id, team_role) VALUES (5, 13, 'admin');
INSERT INTO editor_team_member (team_id, user_id, team_role) VALUES (5, 14, 'admin');
INSERT INTO editor_team_member (team_id, user_id, team_role) VALUES (5, 15, 'admin');
INSERT INTO editor_team_member (team_id, user_id, team_role) VALUES (5, 16, 'member');
INSERT INTO editor_team_member (team_id, user_id, team_role) VALUES (5, 17, 'member');
INSERT INTO editor_team_member (team_id, user_id, team_role) VALUES (5, 18, 'member');
INSERT INTO editor_team_member (team_id, user_id, team_role) VALUES (5, 19, 'member');
INSERT INTO editor_team_member (team_id, user_id, team_role) VALUES (5, 20, 'member');
INSERT INTO editor_team_member (team_id, user_id, team_role) VALUES (5, 21, 'member');
INSERT INTO editor_team_member (team_id, user_id, team_role) VALUES (5, 22, 'member');
INSERT INTO editor_team_member (team_id, user_id, team_role) VALUES (5, 23, 'member');
INSERT INTO editor_team_member (team_id, user_id, team_role) VALUES (5, 24, 'member');
INSERT INTO editor_team_member (team_id, user_id, team_role) VALUES (5, 25, 'member');
INSERT INTO editor_team_member (team_id, user_id, team_role) VALUES (5, 26, 'member');
INSERT INTO editor_team_member (team_id, user_id, team_role) VALUES (5, 27, 'member');
INSERT INTO editor_team_member (team_id, user_id, team_role) VALUES (5, 28, 'member');
INSERT INTO editor_team_member (team_id, user_id, team_role) VALUES (5, 29, 'member');
INSERT INTO editor_team_member (team_id, user_id, team_role) VALUES (5, 30, 'member');
INSERT INTO editor_team_member (team_id, user_id, team_role) VALUES (6, 11, 'owner');
INSERT INTO editor_team_member (team_id, user_id, team_role) VALUES (6, 12, 'admin');
INSERT INTO editor_team_member (team_id, user_id, team_role) VALUES (6, 13, 'admin');
INSERT INTO editor_team_member (team_id, user_id, team_role) VALUES (6, 14, 'admin');
INSERT INTO editor_team_member (team_id, user_id, team_role) VALUES (6, 15, 'admin');
INSERT INTO editor_team_member (team_id, user_id, team_role) VALUES (6, 16, 'member');
INSERT INTO editor_team_member (team_id, user_id, team_role) VALUES (6, 17, 'member');
INSERT INTO editor_team_member (team_id, user_id, team_role) VALUES (6, 18, 'member');
INSERT INTO editor_team_member (team_id, user_id, team_role) VALUES (6, 19, 'member');
INSERT INTO editor_team_member (team_id, user_id, team_role) VALUES (6, 20, 'member');
INSERT INTO editor_team_member (team_id, user_id, team_role) VALUES (6, 21, 'member');
INSERT INTO editor_team_member (team_id, user_id, team_role) VALUES (6, 22, 'member');
INSERT INTO editor_team_member (team_id, user_id, team_role) VALUES (6, 23, 'member');
INSERT INTO editor_team_member (team_id, user_id, team_role) VALUES (6, 24, 'member');
INSERT INTO editor_team_member (team_id, user_id, team_role) VALUES (6, 25, 'member');
INSERT INTO editor_team_member (team_id, user_id, team_role) VALUES (6, 26, 'member');
INSERT INTO editor_team_member (team_id, user_id, team_role) VALUES (6, 27, 'member');
INSERT INTO editor_team_member (team_id, user_id, team_role) VALUES (6, 28, 'member');
INSERT INTO editor_team_member (team_id, user_id, team_role) VALUES (6, 29, 'member');
INSERT INTO editor_team_member (team_id, user_id, team_role) VALUES (6, 30, 'member');
INSERT INTO editor_team_member (team_id, user_id, team_role) VALUES (7, 11, 'owner');
INSERT INTO editor_team_member (team_id, user_id, team_role) VALUES (7, 12, 'admin');
INSERT INTO editor_team_member (team_id, user_id, team_role) VALUES (7, 13, 'admin');
INSERT INTO editor_team_member (team_id, user_id, team_role) VALUES (7, 14, 'admin');
INSERT INTO editor_team_member (team_id, user_id, team_role) VALUES (7, 15, 'admin');
INSERT INTO editor_team_member (team_id, user_id, team_role) VALUES (7, 16, 'member');
INSERT INTO editor_team_member (team_id, user_id, team_role) VALUES (7, 17, 'member');
INSERT INTO editor_team_member (team_id, user_id, team_role) VALUES (7, 18, 'member');
INSERT INTO editor_team_member (team_id, user_id, team_role) VALUES (7, 19, 'member');
INSERT INTO editor_team_member (team_id, user_id, team_role) VALUES (7, 20, 'member');
INSERT INTO editor_team_member (team_id, user_id, team_role) VALUES (7, 21, 'member');
INSERT INTO editor_team_member (team_id, user_id, team_role) VALUES (7, 22, 'member');
INSERT INTO editor_team_member (team_id, user_id, team_role) VALUES (7, 23, 'member');
INSERT INTO editor_team_member (team_id, user_id, team_role) VALUES (7, 24, 'member');
INSERT INTO editor_team_member (team_id, user_id, team_role) VALUES (7, 25, 'member');
INSERT INTO editor_team_member (team_id, user_id, team_role) VALUES (7, 26, 'member');
INSERT INTO editor_team_member (team_id, user_id, team_role) VALUES (7, 27, 'member');
INSERT INTO editor_team_member (team_id, user_id, team_role) VALUES (7, 28, 'member');
INSERT INTO editor_team_member (team_id, user_id, team_role) VALUES (7, 29, 'member');
INSERT INTO editor_team_member (team_id, user_id, team_role) VALUES (7, 30, 'member');
INSERT INTO editor_team_member (team_id, user_id, team_role) VALUES (8, 11, 'owner');
INSERT INTO editor_team_member (team_id, user_id, team_role) VALUES (8, 12, 'admin');
INSERT INTO editor_team_member (team_id, user_id, team_role) VALUES (8, 13, 'admin');
INSERT INTO editor_team_member (team_id, user_id, team_role) VALUES (8, 14, 'admin');
INSERT INTO editor_team_member (team_id, user_id, team_role) VALUES (8, 15, 'admin');
INSERT INTO editor_team_member (team_id, user_id, team_role) VALUES (8, 16, 'member');
INSERT INTO editor_team_member (team_id, user_id, team_role) VALUES (8, 17, 'member');
INSERT INTO editor_team_member (team_id, user_id, team_role) VALUES (8, 18, 'member');
INSERT INTO editor_team_member (team_id, user_id, team_role) VALUES (8, 19, 'member');
INSERT INTO editor_team_member (team_id, user_id, team_role) VALUES (8, 20, 'member');
INSERT INTO editor_team_member (team_id, user_id, team_role) VALUES (8, 21, 'member');
INSERT INTO editor_team_member (team_id, user_id, team_role) VALUES (8, 22, 'member');
INSERT INTO editor_team_member (team_id, user_id, team_role) VALUES (8, 23, 'member');
INSERT INTO editor_team_member (team_id, user_id, team_role) VALUES (8, 24, 'member');
INSERT INTO editor_team_member (team_id, user_id, team_role) VALUES (8, 25, 'member');
INSERT INTO editor_team_member (team_id, user_id, team_role) VALUES (8, 26, 'member');
INSERT INTO editor_team_member (team_id, user_id, team_role) VALUES (8, 27, 'member');
INSERT INTO editor_team_member (team_id, user_id, team_role) VALUES (8, 28, 'member');
INSERT INTO editor_team_member (team_id, user_id, team_role) VALUES (8, 29, 'member');
INSERT INTO editor_team_member (team_id, user_id, team_role) VALUES (8, 30, 'member');
INSERT INTO editor_team_member (team_id, user_id, team_role) VALUES (9, 11, 'owner');
INSERT INTO editor_team_member (team_id, user_id, team_role) VALUES (9, 12, 'admin');
INSERT INTO editor_team_member (team_id, user_id, team_role) VALUES (9, 13, 'admin');
INSERT INTO editor_team_member (team_id, user_id, team_role) VALUES (9, 14, 'admin');
INSERT INTO editor_team_member (team_id, user_id, team_role) VALUES (9, 15, 'admin');
INSERT INTO editor_team_member (team_id, user_id, team_role) VALUES (9, 16, 'member');
INSERT INTO editor_team_member (team_id, user_id, team_role) VALUES (9, 17, 'member');
INSERT INTO editor_team_member (team_id, user_id, team_role) VALUES (9, 18, 'member');
INSERT INTO editor_team_member (team_id, user_id, team_role) VALUES (9, 19, 'member');
INSERT INTO editor_team_member (team_id, user_id, team_role) VALUES (9, 20, 'member');
INSERT INTO editor_team_member (team_id, user_id, team_role) VALUES (9, 21, 'member');
INSERT INTO editor_team_member (team_id, user_id, team_role) VALUES (9, 22, 'member');
INSERT INTO editor_team_member (team_id, user_id, team_role) VALUES (9, 23, 'member');
INSERT INTO editor_team_member (team_id, user_id, team_role) VALUES (9, 24, 'member');
INSERT INTO editor_team_member (team_id, user_id, team_role) VALUES (9, 25, 'member');
INSERT INTO editor_team_member (team_id, user_id, team_role) VALUES (9, 26, 'member');
INSERT INTO editor_team_member (team_id, user_id, team_role) VALUES (9, 27, 'member');
INSERT INTO editor_team_member (team_id, user_id, team_role) VALUES (9, 28, 'member');
INSERT INTO editor_team_member (team_id, user_id, team_role) VALUES (9, 29, 'member');
INSERT INTO editor_team_member (team_id, user_id, team_role) VALUES (9, 30, 'member');
INSERT INTO editor_team_member (team_id, user_id, team_role) VALUES (10, 11, 'owner');
INSERT INTO editor_team_member (team_id, user_id, team_role) VALUES (10, 12, 'admin');
INSERT INTO editor_team_member (team_id, user_id, team_role) VALUES (10, 13, 'admin');
INSERT INTO editor_team_member (team_id, user_id, team_role) VALUES (10, 14, 'admin');
INSERT INTO editor_team_member (team_id, user_id, team_role) VALUES (10, 15, 'admin');
INSERT INTO editor_team_member (team_id, user_id, team_role) VALUES (10, 16, 'member');
INSERT INTO editor_team_member (team_id, user_id, team_role) VALUES (10, 17, 'member');
INSERT INTO editor_team_member (team_id, user_id, team_role) VALUES (10, 18, 'member');
INSERT INTO editor_team_member (team_id, user_id, team_role) VALUES (10, 19, 'member');
INSERT INTO editor_team_member (team_id, user_id, team_role) VALUES (10, 20, 'member');
INSERT INTO editor_team_member (team_id, user_id, team_role) VALUES (10, 21, 'member');
INSERT INTO editor_team_member (team_id, user_id, team_role) VALUES (10, 22, 'member');
INSERT INTO editor_team_member (team_id, user_id, team_role) VALUES (10, 23, 'member');
INSERT INTO editor_team_member (team_id, user_id, team_role) VALUES (10, 24, 'member');
INSERT INTO editor_team_member (team_id, user_id, team_role) VALUES (10, 25, 'member');
INSERT INTO editor_team_member (team_id, user_id, team_role) VALUES (10, 26, 'member');
INSERT INTO editor_team_member (team_id, user_id, team_role) VALUES (10, 27, 'member');
INSERT INTO editor_team_member (team_id, user_id, team_role) VALUES (10, 28, 'member');
INSERT INTO editor_team_member (team_id, user_id, team_role) VALUES (10, 29, 'member');
INSERT INTO editor_team_member (team_id, user_id, team_role) VALUES (10, 30, 'member');
